{"generator_loss": [0.7147017618020376, 0.8209895292917887, 1.0999563833077748, 1.5004459023475647, 1.9249456524848938, 2.3524306615193686, 2.719493548075358, 3.0632112423578897, 3.3439509868621826, 3.6103241046269736, 3.8212385972340903, 3.991380254427592, 4.199439128239949, 4.336166779200236, 4.4823940594991045, 4.613508303960164, 4.785032272338867, 4.923597653706868, 4.8627331256866455, 5.197328408559163], "discriminator_loss": [1.319305956363678, 1.1147282520929973, 0.8226140936215719, 0.5291003088156382, 0.3305933127800624, 0.21021572252114615, 0.14346342037121454, 0.10230655844012897, 0.07768764222661655, 0.06049748448034128, 0.04963901514808337, 0.04285289098819097, 0.03842183823386828, 0.034813608042895794, 0.029873141398032505, 0.0274480984856685, 0.029657171418269474, 0.027782731068631012, 0.023984449294706185, 0.028271326484779518], "epochs": 20}