{"generator_loss": [0.7168055574099222, 0.8349051276842753, 1.1222483416398366, 1.5352216164271038, 1.9821805556615193], "discriminator_loss": [1.3201427658398945, 1.115375320116679, 0.8236086169878641, 0.5260213762521744, 0.322374368707339], "epochs": 5}